{"start_time": 103319817730.38455, "end_time": 103319817925.47342, "read_duration": 4.180524311028421, "inference_duration": 190.90627647703514, "write_duration": 0.0018880190327763557, "total_duration": 195.0888786315918, "sample_count": 15309}